Model,RMSE,MAE,MAPE,R²
SARIMA,3.0440353151696513,2.7958,31.599117766074485,-0.3834568761392283
Prophet,10.37124508443558,8.747905217215372,94.1215435204441,-15.059353119339125
